Mfg_Part_Num,Part_Desc,E1_Brand,Unilog_Brand,DIB_Brand,Part_Manuf
PDSH4816AF,PDSH4816AF Dishwasher SS - Display Only,-- Unbranded --,-- No Unilog Brand --,-- No DIB Brand --,Appliance Dealers Cooperative (APPDE)
WDTS7024RZ,WDTS7024RZ Dishwasher SS - Display Only,-- Unbranded --,-- No Unilog Brand --,-- No DIB Brand --,Appliance Dealers Cooperative (APPDE)
49-94-0073,"49-94-0073 Milw 14""x1/8""x1"" Metal Cut Off Disc",-- Unbranded --,-- No Unilog Brand --,-- No DIB Brand --,Milwaukee Accessory (4031)
49-94-0023,"49-94-0023 Milw 6""x.045""x7/8"" Metal Cut Off Disc",-- Unbranded --,-- No Unilog Brand --,-- No DIB Brand --,Milwaukee Accessory (4031)
49-94-0803,"49-94-0803 Milw 4-1/2""x1/8""x7/8"" Dual Metal Cut and Grind Disc",-- Unbranded --,-- No Unilog Brand --,-- No DIB Brand --,Milwaukee Accessory (4031)
49-94-0039,"49-94-0039 Milw 7""x1/8""x5/8"" DKO Metal Cut Off Disc",-- Unbranded --,-- No Unilog Brand --,-- No DIB Brand --,Milwaukee Accessory (4031)
49-94-0053,"49-94-0053 Milw 12""x1/8""x1"" Metal Cut Off Disc",-- Unbranded --,-- No Unilog Brand --,-- No DIB Brand --,Milwaukee Accessory (4031)
DCB518ASTS06G,"DCB518ASTS06G Diablo 1/2""x18"" - Sanding Belt 6pc",-- Unbranded --,-- No Unilog Brand --,-- No DIB Brand --,Freud Inc (2435)
48-44-2770,48-44-2770 Milw Pole Pruning - Shears Replacement Blade,-- Unbranded --,-- No Unilog Brand --,-- No DIB Brand --,Milwaukee Accessory (4031)
A-96095,"A-96095 Makita 5-7/8"" 32T Saw Blade",-- Unbranded --,-- No Unilog Brand --,-- No DIB Brand --,Makita Usa Inc (5142)
DWA4769,"DWA4769 Dewalt Rim Glass Tile - Blade 10""",-- Unbranded --,-- No Unilog Brand --,-- No DIB Brand --,Black & Decker/dewlt (2585)
49-93-9207,"49-93-9207 Milw 7"" Diamond - Tile Blade",-- Unbranded --,-- No Unilog Brand --,-- No DIB Brand --,Milwaukee Accessory (4031)
D0860X,"D0860X Diablo 8-1/4"" 60 Tooth - Fine Finish Saw Blade",-- Unbranded --,-- No Unilog Brand --,-- No DIB Brand --,Freud Inc (2435)
DPH12B,"DPH12B 2"" #1 Phillips Drive - Bit",-- Unbranded --,-- No Unilog Brand --,Diablo,Freud Inc (2435)
DPH26B,"DPH26B 6"" #2 Phillips Drive - Bit",-- Unbranded --,-- No Unilog Brand --,Diablo,Freud Inc (2435)
DSQ26B,"DSQ26B 6"" #2 Square Drive Bit",-- Unbranded --,-- No Unilog Brand --,Diablo,Freud Inc (2435)
DCD1007B,"DCD1007B Dewalt 20V Cordless - 1/2"" Hammer Drill (Bare)",-- Unbranded --,-- No Unilog Brand --,DEWALT,Black & Decker/dewlt (2585)
220USB25U,220USB25U Vessel Screwdriver w/25pc Bit Set,-- Unbranded --,-- No Unilog Brand --,-- No DIB Brand --,Vessel Tools USA Inc (VESTO)
XNB04Z,"XNB04Z Makita 18V 2"" Brad Nailer 18GA (Bare)",-- Unbranded --,-- No Unilog Brand --,-- No DIB Brand --,Makita Usa Inc (5142)
XNB06Z,"XNB06Z Makita 18V 2-1/2"" Angled Finish Nailer 16GA",-- Unbranded --,-- No Unilog Brand --,-- No DIB Brand --,Makita Usa Inc (5142)
2909-20,2909-20 Milw Roofing Nailer - M18,-- Unbranded --,-- No Unilog Brand --,Milwaukee,Milwaukee Accessory (4031)
65-572R1,65572 Satco 2x4 Led Flat Panel,-- Unbranded --,-- No Unilog Brand --,-- No DIB Brand --,Satco Prod Inc (5573)
573386,573386 60W Led Med 27k 2pk,-- Unbranded --,-- No Unilog Brand --,Philips,Phillips Lighting (5831)
S11445,S11445 12W Led Med 30k Motion,-- Unbranded --,-- No Unilog Brand --,-- No DIB Brand --,Satco Prod Inc (5573)
391227,"391227 32W Led 12"" T9 30K",-- Unbranded --,-- No Unilog Brand --,Philips,Phillips Lighting (5831)
573410,573410 40W Led A19 Med 27k 2pk,-- Unbranded --,-- No Unilog Brand --,Philips,Phillips Lighting (5831)
566679,566679 40W Led Med 27k 3pk,-- Unbranded --,-- No Unilog Brand --,Philips,Phillips Lighting (5831)
1513721,1nx6-20' Honey Grove Grooved - Trex Enhance Naturals Decking,TREX,-- No Unilog Brand --,-- No DIB Brand --,Boise Cascade Building Materials (BOICA)
543007412,7/8nx6-12' Whiskey Barrel Grooved - Trex Select 2.0 Decking,TREX,-- No Unilog Brand --,-- No DIB Brand --,Boise Cascade Building Materials (BOICA)
1516880,1nx6-20' Pebble Beach Sq Edge - Trex Enhance Basics Decking,TREX,-- No Unilog Brand --,-- No DIB Brand --,Boise Cascade Building Materials (BOICA)
AGB15520AW,1x6-20' American Walnut Groove - Landmark Azek PVC Decking,TIMBERTECH,-- No Unilog Brand --,-- No DIB Brand --,Parksite (6151)
543144416,1nx6-16' Island Mist Grooved - Trex Transcend Lineage Decking,TREX,-- No Unilog Brand --,-- No DIB Brand --,U S Lumber (3073)
R00-GFNT1-00K,R00GFNT100K 15A Outlet Br,-- Unbranded --,-- No Unilog Brand --,Leviton,Leviton Mfg Co (4927)
2/2/4 UD ALUM,2/2/4 UD Aluminum Triplex Wire (Linear Foot),-- Unbranded --,-- No Unilog Brand --,-- No DIB Brand --,Southwire/g Turner (6603)
R62-GFTA1-0KW,R92GFTA10KW 15A GFCI Outlet Wh,-- Unbranded --,-- No Unilog Brand --,Leviton,Leviton Mfg Co (4927)
96263-46-06,96263-46-06 CAT5E Wire (Linear Foot),-- Unbranded --,-- No Unilog Brand --,-- No DIB Brand --,Woods Wire Southwire (7579)
R56-CBR15-00T,R56CBR1500T 15A Outlet LA,-- Unbranded --,-- No Unilog Brand --,Leviton,Leviton Mfg Co (4927)
G1941-UPC,"G1941UPC 4"" Sq Cover Sw/Outlet",-- Unbranded --,-- No Unilog Brand --,Southwire,Southwire/g Turner (6603)
DR7004WG,DR7004WG SQ Gas Dryer Wh,-- Unbranded --,-- No Unilog Brand --,-- No DIB Brand --,Appliance Dealers Cooperative (APPDE)
DR5004WG,DR5004WG SQ Gas Dryer Wh,-- Unbranded --,-- No Unilog Brand --,-- No DIB Brand --,Appliance Dealers Cooperative (APPDE)
DC5004WE,DC5004WE SQ Elect Dryer Wh,-- Unbranded --,-- No Unilog Brand --,-- No DIB Brand --,Appliance Dealers Cooperative (APPDE)
DV2000WG,DV2000WG SQ Gas Dryer Wh,-- Unbranded --,-- No Unilog Brand --,-- No DIB Brand --,Appliance Dealers Cooperative (APPDE)
543076936,1x12-12' Cinnamon Cove - Trex Enhance Naturals Fascia,TREX,-- No Unilog Brand --,-- No DIB Brand --,Boise Cascade Building Materials (BOICA)
TSDKAP218-G2,TSDKAP218-G2 Edge Safety - Khor Black Frame Polarized,-- Unbranded --,-- No Unilog Brand --,-- No DIB Brand --,Edge Eyewear Inc (EDGSA)
DCF964B,"DCF964B Dewalt 20V 3/4"" Impact - Wrench (Bare)",-- Unbranded --,-- No Unilog Brand --,DEWALT,Black & Decker/dewlt (2585)
543300257,6' Black Select Classic Stair - Rail w/Rnd Black Alum Baluster,TREX,-- No Unilog Brand --,-- No DIB Brand --,Boise Cascade Building Materials (BOICA)
3100-1/15,3100-1/15 Dremel Rotary Tool - Kit 15pc,-- Unbranded --,-- No Unilog Brand --,Dremel,Robt Bosch Tool Corp (6564)
578808,578808 Festool 3x4 M GR PRO/10,-- Unbranded --,-- No Unilog Brand --,-- No DIB Brand --,Festool USA (FESTO)
1516876,1x8-12' Golden Hour - Trex Enhance Naturals Fascia,TREX,-- No Unilog Brand --,-- No DIB Brand --,Boise Cascade Building Materials (BOICA)
9A-570-320,9A-570-320 Abranet 2.75x30,-- Unbranded --,-- No Unilog Brand --,-- No DIB Brand --,Mirka Abrasives Inc (MIRUS)
